location_id,date_utc,temperature_max_c,temperature_min_c,precipitation_mm,wind_max_kmh,rain_probability_max_pct,flow_median_m3s,flow_p25_m3s,flow_p75_m3s,weather_retrieved_utc,flood_retrieved_utc
hanwella,2026-10-08,31.3,23.4,30.5,12.1,100,6.87,6.85,6.93,2026-10-08T08:02:17.762844+00:00,2026-10-08T08:02:18.330772+00:00
hanwella,2026-10-09,30.7,23.0,22.2,12.7,100,6.98,6.8,7.34,2026-10-08T08:02:17.762844+00:00,2026-10-08T08:02:18.330772+00:00
hanwella,2026-10-10,30.8,22.5,24.9,11.9,100,7.65,7.04,8.24,2026-10-08T08:02:17.762844+00:00,2026-10-08T08:02:18.330772+00:00
hanwella,2026-10-11,31.1,22.5,18.7,12.6,100,8.02,7.47,8.95,2026-10-08T08:02:17.762844+00:00,2026-10-08T08:02:18.330772+00:00
hanwella,2026-10-12,30.6,22.1,9.0,7.9,100,8.31,7.45,9.65,2026-10-08T08:02:17.762844+00:00,2026-10-08T08:02:18.330772+00:00
hanwella,2026-10-13,31.2,22.3,8.7,10.2,100,8.33,7.4,10.11,2026-10-08T08:02:17.762844+00:00,2026-10-08T08:02:18.330772+00:00
hanwella,2026-10-14,30.8,22.8,9.0,5.6,96,8.06,7.16,10.11,2026-10-08T08:02:17.762844+00:00,2026-10-08T08:02:18.330772+00:00
hanwella,2026-10-15,29.9,23.1,10.8,7.1,98,7.87,7.04,9.86,2026-10-08T08:02:17.762844+00:00,2026-10-08T08:02:18.330772+00:00
hanwella,2026-10-16,30.7,22.9,6.6,7.0,100,7.79,6.97,10.38,2026-10-08T08:02:17.762844+00:00,2026-10-08T08:02:18.330772+00:00
hanwella,2026-10-17,30.3,23.1,5.9,9.7,96,7.71,6.79,10.31,2026-10-08T08:02:17.762844+00:00,2026-10-08T08:02:18.330772+00:00
hanwella,2026-10-18,29.8,22.9,10.9,8.7,100,7.77,6.82,10.12,2026-10-08T08:02:17.762844+00:00,2026-10-08T08:02:18.330772+00:00
hanwella,2026-10-19,27.1,22.8,13.8,9.4,100,7.95,6.87,10.04,2026-10-08T08:02:17.762844+00:00,2026-10-08T08:02:18.330772+00:00
hanwella,2026-10-20,30.2,22.7,18.1,9.4,99,7.97,7.07,10.1,2026-10-08T08:02:17.762844+00:00,2026-10-08T08:02:18.330772+00:00
hanwella,2026-10-21,30.5,23.0,8.9,7.4,98,8.02,7.11,10.35,2026-10-08T08:02:17.762844+00:00,2026-10-08T08:02:18.330772+00:00
hanwella,2026-10-22,29.8,23.2,8.83,8.9,99,8.14,7.18,10.58,2026-10-08T08:02:17.762844+00:00,2026-10-08T08:02:18.330772+00:00
hanwella,2026-10-23,32.7,23.3,6.62,12.2,89,8.62,7.04,10.6,2026-10-08T08:02:17.762844+00:00,2026-10-08T08:02:18.330772+00:00
ratnapura,2026-10-08,32.7,23.5,32.1,9.7,100,37.73,37.64,38.08,2026-10-08T08:02:17.762844+00:00,2026-10-08T08:02:18.330772+00:00
ratnapura,2026-10-09,32.8,22.9,33.1,10.7,100,38.99,37.37,40.88,2026-10-08T08:02:17.762844+00:00,2026-10-08T08:02:18.330772+00:00
ratnapura,2026-10-10,31.1,22.2,21.2,11.3,100,44.08,39.65,49.13,2026-10-08T08:02:17.762844+00:00,2026-10-08T08:02:18.330772+00:00
ratnapura,2026-10-11,31.9,22.3,11.4,8.7,100,46.75,42.35,62.83,2026-10-08T08:02:17.762844+00:00,2026-10-08T08:02:18.330772+00:00
ratnapura,2026-10-12,31.3,22.5,16.5,6.1,100,49.7,46.26,65.99,2026-10-08T08:02:17.762844+00:00,2026-10-08T08:02:18.330772+00:00
ratnapura,2026-10-13,32.0,22.6,12.9,5.5,100,52.58,48.03,68.66,2026-10-08T08:02:17.762844+00:00,2026-10-08T08:02:18.330772+00:00
ratnapura,2026-10-14,31.6,23.2,9.0,6.9,100,53.45,48.03,66.61,2026-10-08T08:02:17.762844+00:00,2026-10-08T08:02:18.330772+00:00
ratnapura,2026-10-15,31.3,23.1,7.8,8.6,100,53.7,47.7,68.34,2026-10-08T08:02:17.762844+00:00,2026-10-08T08:02:18.330772+00:00
ratnapura,2026-10-16,30.7,23.0,9.6,6.3,100,56.68,47.31,67.47,2026-10-08T08:02:17.762844+00:00,2026-10-08T08:02:18.330772+00:00
ratnapura,2026-10-17,31.2,22.9,10.2,5.2,100,54.98,45.83,67.94,2026-10-08T08:02:17.762844+00:00,2026-10-08T08:02:18.330772+00:00
ratnapura,2026-10-18,31.5,22.6,8.4,5.4,100,52.95,45.03,67.47,2026-10-08T08:02:17.762844+00:00,2026-10-08T08:02:18.330772+00:00
ratnapura,2026-10-19,30.7,22.9,8.4,7.6,100,52.83,45.56,65.38,2026-10-08T08:02:17.762844+00:00,2026-10-08T08:02:18.330772+00:00
ratnapura,2026-10-20,31.6,22.5,12.0,7.1,100,55.36,46.97,64.46,2026-10-08T08:02:17.762844+00:00,2026-10-08T08:02:18.330772+00:00
ratnapura,2026-10-21,31.8,22.7,6.2,6.3,98,56.94,47.53,67.31,2026-10-08T08:02:17.762844+00:00,2026-10-08T08:02:18.330772+00:00
ratnapura,2026-10-22,30.2,23.0,11.03,7.6,100,58.02,46.75,66.69,2026-10-08T08:02:17.762844+00:00,2026-10-08T08:02:18.330772+00:00
ratnapura,2026-10-23,32.6,23.4,6.63,5.2,99,58.57,49.55,66.69,2026-10-08T08:02:17.762844+00:00,2026-10-08T08:02:18.330772+00:00
baddegama,2026-10-08,30.4,23.7,24.5,15.7,100,32.88,32.88,32.96,2026-10-08T08:02:17.762844+00:00,2026-10-08T08:02:18.330772+00:00
baddegama,2026-10-09,29.6,23.0,23.5,10.7,100,33.51,32.96,35.02,2026-10-08T08:02:17.762844+00:00,2026-10-08T08:02:18.330772+00:00
baddegama,2026-10-10,29.8,22.4,19.1,12.8,100,37.28,35.22,44.03,2026-10-08T08:02:17.762844+00:00,2026-10-08T08:02:18.330772+00:00
baddegama,2026-10-11,29.6,22.5,10.8,13.1,100,41.56,37.73,50.77,2026-10-08T08:02:17.762844+00:00,2026-10-08T08:02:18.330772+00:00
baddegama,2026-10-12,29.5,22.8,2.4,10.7,100,45.67,39.55,58.23,2026-10-08T08:02:17.762844+00:00,2026-10-08T08:02:18.330772+00:00
baddegama,2026-10-13,30.1,23.1,3.0,11.5,100,49.93,41.08,62.32,2026-10-08T08:02:17.762844+00:00,2026-10-08T08:02:18.330772+00:00
baddegama,2026-10-14,29.5,24.1,1.8,10.5,98,47.98,41.71,62.61,2026-10-08T08:02:17.762844+00:00,2026-10-08T08:02:18.330772+00:00
baddegama,2026-10-15,29.3,24.3,4.8,10.2,98,48.09,41.71,62.17,2026-10-08T08:02:17.762844+00:00,2026-10-08T08:02:18.330772+00:00
baddegama,2026-10-16,29.0,24.7,9.0,10.6,100,47.64,41.81,62.34,2026-10-08T08:02:17.762844+00:00,2026-10-08T08:02:18.330772+00:00
baddegama,2026-10-17,27.5,23.6,5.3,9.7,100,47.53,40.88,59.55,2026-10-08T08:02:17.762844+00:00,2026-10-08T08:02:18.330772+00:00
baddegama,2026-10-18,28.9,23.5,3.7,9.2,98,51.6,41.51,59.4,2026-10-08T08:02:17.762844+00:00,2026-10-08T08:02:18.330772+00:00
baddegama,2026-10-19,28.7,23.9,1.7,9.7,100,52.7,42.1,60.59,2026-10-08T08:02:17.762844+00:00,2026-10-08T08:02:18.330772+00:00
baddegama,2026-10-20,29.5,22.9,7.3,10.3,100,50.4,43.57,61.88,2026-10-08T08:02:17.762844+00:00,2026-10-08T08:02:18.330772+00:00
baddegama,2026-10-21,29.9,23.2,6.6,10.0,100,51.97,45.72,62.1,2026-10-08T08:02:17.762844+00:00,2026-10-08T08:02:18.330772+00:00
baddegama,2026-10-22,29.9,23.6,11.67,8.3,94,52.58,46.37,63.95,2026-10-08T08:02:17.762844+00:00,2026-10-08T08:02:18.330772+00:00
baddegama,2026-10-23,30.9,24.4,1.38,11.3,84,54.46,46.48,68.74,2026-10-08T08:02:17.762844+00:00,2026-10-08T08:02:18.330772+00:00
akuressa,2026-10-08,30.5,22.7,21.8,12.4,98,18.68,18.68,18.72,2026-10-08T08:02:17.762844+00:00,2026-10-08T08:02:18.330772+00:00
akuressa,2026-10-09,30.6,22.6,17.2,11.1,100,18.77,18.5,19.25,2026-10-08T08:02:17.762844+00:00,2026-10-08T08:02:18.330772+00:00
akuressa,2026-10-10,31.4,22.1,13.3,10.8,100,20.73,19.87,21.94,2026-10-08T08:02:17.762844+00:00,2026-10-08T08:02:18.330772+00:00
akuressa,2026-10-11,30.7,21.6,13.7,12.6,100,23.6,21.29,28.01,2026-10-08T08:02:17.762844+00:00,2026-10-08T08:02:18.330772+00:00
akuressa,2026-10-12,30.5,21.8,21.6,7.5,96,25.61,22.85,32.81,2026-10-08T08:02:17.762844+00:00,2026-10-08T08:02:18.330772+00:00
akuressa,2026-10-13,30.4,22.0,13.1,8.9,99,26.1,23.89,34.81,2026-10-08T08:02:17.762844+00:00,2026-10-08T08:02:18.330772+00:00
akuressa,2026-10-14,29.7,22.6,16.6,9.4,92,28.24,24.38,36.54,2026-10-08T08:02:17.762844+00:00,2026-10-08T08:02:18.330772+00:00
akuressa,2026-10-15,30.2,22.5,18.6,10.8,92,28.72,24.47,38.86,2026-10-08T08:02:17.762844+00:00,2026-10-08T08:02:18.330772+00:00
akuressa,2026-10-16,30.0,22.5,13.8,11.1,98,29.83,24.35,40.32,2026-10-08T08:02:17.762844+00:00,2026-10-08T08:02:18.330772+00:00
akuressa,2026-10-17,27.4,22.7,8.4,8.9,92,29.83,24.12,40.22,2026-10-08T08:02:17.762844+00:00,2026-10-08T08:02:18.330772+00:00
akuressa,2026-10-18,29.0,22.2,13.8,6.9,90,30.05,24.79,39.35,2026-10-08T08:02:17.762844+00:00,2026-10-08T08:02:18.330772+00:00
akuressa,2026-10-19,30.1,22.6,1.8,9.8,98,32.42,25.28,41.37,2026-10-08T08:02:17.762844+00:00,2026-10-08T08:02:18.330772+00:00
akuressa,2026-10-20,31.1,22.2,9.6,8.7,98,32.73,26.29,41.86,2026-10-08T08:02:17.762844+00:00,2026-10-08T08:02:18.330772+00:00
akuressa,2026-10-21,31.0,22.4,13.8,8.7,98,32.96,26.51,43.11,2026-10-08T08:02:17.762844+00:00,2026-10-08T08:02:18.330772+00:00
akuressa,2026-10-22,31.1,22.8,22.58,7.4,93,34.08,27.84,43.31,2026-10-08T08:02:17.762844+00:00,2026-10-08T08:02:18.330772+00:00
akuressa,2026-10-23,33.8,23.3,1.58,8.0,88,34.24,28.79,44.61,2026-10-08T08:02:17.762844+00:00,2026-10-08T08:02:18.330772+00:00
peradeniya,2026-10-08,30.9,21.0,20.0,9.5,100,67.08,66.45,67.63,2026-10-08T08:02:17.762844+00:00,2026-10-08T08:02:18.330772+00:00
peradeniya,2026-10-09,29.5,21.4,37.3,10.0,100,72.11,67.55,79.26,2026-10-08T08:02:17.762844+00:00,2026-10-08T08:02:18.330772+00:00
peradeniya,2026-10-10,29.1,20.3,8.3,11.9,100,80.1,72.45,102.04,2026-10-08T08:02:17.762844+00:00,2026-10-08T08:02:18.330772+00:00
peradeniya,2026-10-11,28.4,19.4,15.6,7.9,100,82.56,72.97,110.05,2026-10-08T08:02:17.762844+00:00,2026-10-08T08:02:18.330772+00:00
peradeniya,2026-10-12,30.3,19.8,14.4,7.8,100,83.72,74.26,106.4,2026-10-08T08:02:17.762844+00:00,2026-10-08T08:02:18.330772+00:00
peradeniya,2026-10-13,30.6,19.7,11.4,6.1,100,82.95,74.77,103.35,2026-10-08T08:02:17.762844+00:00,2026-10-08T08:02:18.330772+00:00
peradeniya,2026-10-14,29.1,20.0,24.0,10.2,98,82.18,72.46,100.87,2026-10-08T08:02:17.762844+00:00,2026-10-08T08:02:18.330772+00:00
peradeniya,2026-10-15,28.2,21.3,8.4,9.0,98,85.1,72.2,97.4,2026-10-08T08:02:17.762844+00:00,2026-10-08T08:02:18.330772+00:00
peradeniya,2026-10-16,28.7,20.8,15.5,9.8,100,87.1,73.65,100.75,2026-10-08T08:02:17.762844+00:00,2026-10-08T08:02:18.330772+00:00
peradeniya,2026-10-17,28.2,21.1,7.3,8.6,100,89.99,73.65,102.89,2026-10-08T08:02:17.762844+00:00,2026-10-08T08:02:18.330772+00:00
peradeniya,2026-10-18,28.4,20.9,23.4,10.1,100,90.2,73.9,111.98,2026-10-08T08:02:17.762844+00:00,2026-10-08T08:02:18.330772+00:00
peradeniya,2026-10-19,28.3,20.1,15.6,9.4,100,91.68,76.09,110.17,2026-10-08T08:02:17.762844+00:00,2026-10-08T08:02:18.330772+00:00
peradeniya,2026-10-20,29.6,20.4,15.0,7.5,100,94.72,79.47,110.69,2026-10-08T08:02:17.762844+00:00,2026-10-08T08:02:18.330772+00:00
peradeniya,2026-10-21,29.4,20.6,6.6,9.7,98,96.27,78.89,115.28,2026-10-08T08:02:17.762844+00:00,2026-10-08T08:02:18.330772+00:00
peradeniya,2026-10-22,28.4,20.5,19.8,8.7,99,96.72,78.71,123.31,2026-10-08T08:02:17.762844+00:00,2026-10-08T08:02:18.330772+00:00
peradeniya,2026-10-23,30.9,20.4,3.6,4.8,91,104.2,80.68,126.21,2026-10-08T08:02:17.762844+00:00,2026-10-08T08:02:18.330772+00:00
polonnaruwa,2026-10-08,32.5,24.3,17.9,14.9,100,0.23,0.21,0.25,2026-10-08T08:02:17.762844+00:00,2026-10-08T08:02:18.330772+00:00
polonnaruwa,2026-10-09,32.7,23.5,17.7,21.1,100,0.45,0.39,0.55,2026-10-08T08:02:17.762844+00:00,2026-10-08T08:02:18.330772+00:00
polonnaruwa,2026-10-10,32.2,23.7,10.5,13.4,100,0.58,0.48,0.73,2026-10-08T08:02:17.762844+00:00,2026-10-08T08:02:18.330772+00:00
polonnaruwa,2026-10-11,31.3,23.5,7.5,12.9,96,0.6,0.49,0.73,2026-10-08T08:02:17.762844+00:00,2026-10-08T08:02:18.330772+00:00
polonnaruwa,2026-10-12,31.4,23.5,2.1,9.3,91,0.61,0.5,0.76,2026-10-08T08:02:17.762844+00:00,2026-10-08T08:02:18.330772+00:00
polonnaruwa,2026-10-13,32.6,23.7,1.8,10.6,91,0.56,0.41,0.67,2026-10-08T08:02:17.762844+00:00,2026-10-08T08:02:18.330772+00:00
polonnaruwa,2026-10-14,31.8,23.5,21.2,7.9,100,0.51,0.42,0.65,2026-10-08T08:02:17.762844+00:00,2026-10-08T08:02:18.330772+00:00
polonnaruwa,2026-10-15,31.8,23.4,16.6,11.5,96,0.63,0.47,0.79,2026-10-08T08:02:17.762844+00:00,2026-10-08T08:02:18.330772+00:00
polonnaruwa,2026-10-16,31.8,23.6,25.8,8.5,99,0.66,0.51,0.82,2026-10-08T08:02:17.762844+00:00,2026-10-08T08:02:18.330772+00:00
polonnaruwa,2026-10-17,31.8,24.1,4.2,7.1,100,0.64,0.51,0.86,2026-10-08T08:02:17.762844+00:00,2026-10-08T08:02:18.330772+00:00
polonnaruwa,2026-10-18,31.1,23.6,8.4,7.3,99,0.66,0.5,0.91,2026-10-08T08:02:17.762844+00:00,2026-10-08T08:02:18.330772+00:00
polonnaruwa,2026-10-19,31.7,23.6,10.8,4.2,100,0.63,0.5,0.85,2026-10-08T08:02:17.762844+00:00,2026-10-08T08:02:18.330772+00:00
polonnaruwa,2026-10-20,31.4,23.2,20.4,8.6,100,0.6,0.47,0.9,2026-10-08T08:02:17.762844+00:00,2026-10-08T08:02:18.330772+00:00
polonnaruwa,2026-10-21,30.9,23.7,13.8,3.6,99,0.58,0.48,0.81,2026-10-08T08:02:17.762844+00:00,2026-10-08T08:02:18.330772+00:00
polonnaruwa,2026-10-22,31.1,24.0,10.8,5.3,95,0.61,0.49,0.82,2026-10-08T08:02:17.762844+00:00,2026-10-08T08:02:18.330772+00:00
polonnaruwa,2026-10-23,33.2,23.7,0.0,12.9,69,0.73,0.54,1.07,2026-10-08T08:02:17.762844+00:00,2026-10-08T08:02:18.330772+00:00
anuradhapura,2026-10-08,32.3,23.9,10.6,17.0,100,0.11,0.08,0.17,2026-10-08T08:02:17.762844+00:00,2026-10-08T08:02:18.330772+00:00
anuradhapura,2026-10-09,32.5,23.5,27.9,12.5,100,0.45,0.23,0.74,2026-10-08T08:02:17.762844+00:00,2026-10-08T08:02:18.330772+00:00
anuradhapura,2026-10-10,31.2,23.5,8.8,12.8,100,1.0,0.55,1.6,2026-10-08T08:02:17.762844+00:00,2026-10-08T08:02:18.330772+00:00
anuradhapura,2026-10-11,29.6,23.6,4.5,13.6,97,1.0,0.56,1.8,2026-10-08T08:02:17.762844+00:00,2026-10-08T08:02:18.330772+00:00
anuradhapura,2026-10-12,32.2,23.7,2.1,12.6,96,0.83,0.52,1.49,2026-10-08T08:02:17.762844+00:00,2026-10-08T08:02:18.330772+00:00
anuradhapura,2026-10-13,32.8,23.7,2.0,13.9,93,0.63,0.34,1.14,2026-10-08T08:02:17.762844+00:00,2026-10-08T08:02:18.330772+00:00
anuradhapura,2026-10-14,30.5,23.7,10.6,5.2,100,0.46,0.3,0.9,2026-10-08T08:02:17.762844+00:00,2026-10-08T08:02:18.330772+00:00
anuradhapura,2026-10-15,30.4,23.9,13.2,10.5,98,0.56,0.24,0.95,2026-10-08T08:02:17.762844+00:00,2026-10-08T08:02:18.330772+00:00
anuradhapura,2026-10-16,30.6,23.5,9.6,9.5,96,0.6,0.27,1.13,2026-10-08T08:02:17.762844+00:00,2026-10-08T08:02:18.330772+00:00
anuradhapura,2026-10-17,31.0,24.0,7.2,10.7,99,0.64,0.25,1.11,2026-10-08T08:02:17.762844+00:00,2026-10-08T08:02:18.330772+00:00
anuradhapura,2026-10-18,30.7,23.6,10.2,10.7,98,0.58,0.28,0.97,2026-10-08T08:02:17.762844+00:00,2026-10-08T08:02:18.330772+00:00
anuradhapura,2026-10-19,29.4,23.9,6.6,9.1,99,0.57,0.22,1.04,2026-10-08T08:02:17.762844+00:00,2026-10-08T08:02:18.330772+00:00
anuradhapura,2026-10-20,30.0,23.3,10.2,6.3,100,0.56,0.26,0.84,2026-10-08T08:02:17.762844+00:00,2026-10-08T08:02:18.330772+00:00
anuradhapura,2026-10-21,30.0,23.5,11.4,5.9,100,0.53,0.23,0.91,2026-10-08T08:02:17.762844+00:00,2026-10-08T08:02:18.330772+00:00
anuradhapura,2026-10-22,30.4,23.4,6.0,7.3,97,0.56,0.28,1.04,2026-10-08T08:02:17.762844+00:00,2026-10-08T08:02:18.330772+00:00
anuradhapura,2026-10-23,34.4,23.3,0.3,8.0,74,0.89,0.36,1.39,2026-10-08T08:02:17.762844+00:00,2026-10-08T08:02:18.330772+00:00
chilaw,2026-10-08,31.2,24.2,19.7,12.7,100,0.77,0.77,0.78,2026-10-08T08:02:17.762844+00:00,2026-10-08T08:02:18.330772+00:00
chilaw,2026-10-09,29.9,23.8,15.6,11.2,100,0.85,0.79,0.95,2026-10-08T08:02:17.762844+00:00,2026-10-08T08:02:18.330772+00:00
chilaw,2026-10-10,30.0,23.3,6.9,13.0,100,1.06,0.91,1.28,2026-10-08T08:02:17.762844+00:00,2026-10-08T08:02:18.330772+00:00
chilaw,2026-10-11,28.9,23.1,10.9,10.3,100,1.12,0.98,1.56,2026-10-08T08:02:17.762844+00:00,2026-10-08T08:02:18.330772+00:00
chilaw,2026-10-12,30.6,23.2,3.9,11.5,99,1.23,1.03,1.57,2026-10-08T08:02:17.762844+00:00,2026-10-08T08:02:18.330772+00:00
chilaw,2026-10-13,30.7,23.4,2.7,13.7,98,1.22,1.07,1.62,2026-10-08T08:02:17.762844+00:00,2026-10-08T08:02:18.330772+00:00
chilaw,2026-10-14,30.0,23.8,6.6,7.8,94,1.24,1.06,1.69,2026-10-08T08:02:17.762844+00:00,2026-10-08T08:02:18.330772+00:00
chilaw,2026-10-15,29.6,24.1,1.8,9.2,94,1.24,1.03,1.83,2026-10-08T08:02:17.762844+00:00,2026-10-08T08:02:18.330772+00:00
chilaw,2026-10-16,29.9,24.3,2.4,10.3,98,1.18,1.01,1.82,2026-10-08T08:02:17.762844+00:00,2026-10-08T08:02:18.330772+00:00
chilaw,2026-10-17,29.6,24.6,3.9,15.0,94,1.17,1.0,1.95,2026-10-08T08:02:17.762844+00:00,2026-10-08T08:02:18.330772+00:00
chilaw,2026-10-18,29.7,24.3,3.3,10.9,98,1.23,0.96,1.84,2026-10-08T08:02:17.762844+00:00,2026-10-08T08:02:18.330772+00:00
chilaw,2026-10-19,29.2,24.2,4.3,11.1,98,1.34,0.96,1.81,2026-10-08T08:02:17.762844+00:00,2026-10-08T08:02:18.330772+00:00
chilaw,2026-10-20,29.5,23.2,11.0,12.7,100,1.42,0.97,1.78,2026-10-08T08:02:17.762844+00:00,2026-10-08T08:02:18.330772+00:00
chilaw,2026-10-21,29.3,23.7,8.5,7.0,100,1.42,0.98,1.89,2026-10-08T08:02:17.762844+00:00,2026-10-08T08:02:18.330772+00:00
chilaw,2026-10-22,29.3,23.2,6.0,6.7,95,1.38,0.97,1.94,2026-10-08T08:02:17.762844+00:00,2026-10-08T08:02:18.330772+00:00
chilaw,2026-10-23,32.3,23.3,2.9,12.6,79,1.5,1.05,1.99,2026-10-08T08:02:17.762844+00:00,2026-10-08T08:02:18.330772+00:00
giriulla,2026-10-08,32.3,23.3,64.8,13.4,100,16.26,16.22,16.26,2026-10-08T08:02:17.762844+00:00,2026-10-08T08:02:18.330772+00:00
giriulla,2026-10-09,30.5,22.9,28.3,11.1,100,14.92,14.45,16.95,2026-10-08T08:02:17.762844+00:00,2026-10-08T08:02:18.330772+00:00
giriulla,2026-10-10,31.5,22.5,14.3,11.7,100,15.18,14.08,19.35,2026-10-08T08:02:17.762844+00:00,2026-10-08T08:02:18.330772+00:00
giriulla,2026-10-11,30.9,22.3,7.5,12.9,100,16.06,13.96,18.77,2026-10-08T08:02:17.762844+00:00,2026-10-08T08:02:18.330772+00:00
giriulla,2026-10-12,31.6,22.3,6.3,6.0,100,15.9,13.66,19.04,2026-10-08T08:02:17.762844+00:00,2026-10-08T08:02:18.330772+00:00
giriulla,2026-10-13,31.5,22.4,5.1,7.6,98,15.14,13.21,19.37,2026-10-08T08:02:17.762844+00:00,2026-10-08T08:02:18.330772+00:00
giriulla,2026-10-14,31.0,22.7,11.9,5.8,94,14.7,12.58,19.21,2026-10-08T08:02:17.762844+00:00,2026-10-08T08:02:18.330772+00:00
giriulla,2026-10-15,29.8,23.0,13.9,5.8,94,13.96,12.29,19.44,2026-10-08T08:02:17.762844+00:00,2026-10-08T08:02:18.330772+00:00
giriulla,2026-10-16,30.7,22.9,5.4,6.2,98,14.0,11.85,18.32,2026-10-08T08:02:17.762844+00:00,2026-10-08T08:02:18.330772+00:00
giriulla,2026-10-17,30.2,23.1,8.4,9.7,96,14.03,11.69,19.85,2026-10-08T08:02:17.762844+00:00,2026-10-08T08:02:18.330772+00:00
giriulla,2026-10-18,30.3,22.9,11.4,8.4,100,14.49,11.66,21.36,2026-10-08T08:02:17.762844+00:00,2026-10-08T08:02:18.330772+00:00
giriulla,2026-10-19,29.2,22.8,10.8,9.0,98,14.96,11.52,20.78,2026-10-08T08:02:17.762844+00:00,2026-10-08T08:02:18.330772+00:00
giriulla,2026-10-20,29.6,22.6,20.7,8.9,97,15.14,11.75,20.5,2026-10-08T08:02:17.762844+00:00,2026-10-08T08:02:18.330772+00:00
giriulla,2026-10-21,30.2,23.0,11.0,6.1,98,15.14,11.97,21.01,2026-10-08T08:02:17.762844+00:00,2026-10-08T08:02:18.330772+00:00
giriulla,2026-10-22,29.9,22.5,10.8,5.3,95,16.1,12.18,20.91,2026-10-08T08:02:17.762844+00:00,2026-10-08T08:02:18.330772+00:00
giriulla,2026-10-23,31.9,22.5,3.7,10.0,79,16.7,12.55,21.57,2026-10-08T08:02:17.762844+00:00,2026-10-08T08:02:18.330772+00:00
kumbukkan,2026-10-08,31.9,23.6,20.5,14.5,100,1.67,1.67,1.67,2026-10-08T08:02:17.762844+00:00,2026-10-08T08:02:18.330772+00:00
kumbukkan,2026-10-09,32.8,22.6,11.7,9.7,100,1.7,1.69,1.71,2026-10-08T08:02:17.762844+00:00,2026-10-08T08:02:18.330772+00:00
kumbukkan,2026-10-10,33.1,22.6,10.6,12.4,100,1.74,1.71,1.78,2026-10-08T08:02:17.762844+00:00,2026-10-08T08:02:18.330772+00:00
kumbukkan,2026-10-11,31.5,22.6,11.7,9.1,95,1.78,1.74,1.89,2026-10-08T08:02:17.762844+00:00,2026-10-08T08:02:18.330772+00:00
kumbukkan,2026-10-12,31.5,22.9,3.6,7.8,98,1.81,1.76,2.05,2026-10-08T08:02:17.762844+00:00,2026-10-08T08:02:18.330772+00:00
kumbukkan,2026-10-13,30.8,22.5,14.7,7.2,100,1.86,1.75,2.18,2026-10-08T08:02:17.762844+00:00,2026-10-08T08:02:18.330772+00:00
kumbukkan,2026-10-14,32.4,22.9,15.5,7.3,100,1.88,1.74,2.16,2026-10-08T08:02:17.762844+00:00,2026-10-08T08:02:18.330772+00:00
kumbukkan,2026-10-15,31.3,22.6,7.9,7.8,100,1.9,1.75,2.22,2026-10-08T08:02:17.762844+00:00,2026-10-08T08:02:18.330772+00:00
kumbukkan,2026-10-16,32.2,23.0,24.3,6.4,100,1.95,1.78,2.32,2026-10-08T08:02:17.762844+00:00,2026-10-08T08:02:18.330772+00:00
kumbukkan,2026-10-17,29.6,22.8,15.3,8.8,96,1.94,1.8,2.35,2026-10-08T08:02:17.762844+00:00,2026-10-08T08:02:18.330772+00:00
kumbukkan,2026-10-18,31.5,22.4,12.6,6.3,90,1.97,1.82,2.37,2026-10-08T08:02:17.762844+00:00,2026-10-08T08:02:18.330772+00:00
kumbukkan,2026-10-19,32.5,22.5,9.6,6.9,100,1.99,1.82,2.48,2026-10-08T08:02:17.762844+00:00,2026-10-08T08:02:18.330772+00:00
kumbukkan,2026-10-20,32.7,22.4,21.6,4.8,94,2.08,1.88,2.61,2026-10-08T08:02:17.762844+00:00,2026-10-08T08:02:18.330772+00:00
kumbukkan,2026-10-21,32.2,22.4,11.4,8.7,100,2.14,1.9,2.66,2026-10-08T08:02:17.762844+00:00,2026-10-08T08:02:18.330772+00:00
kumbukkan,2026-10-22,32.1,22.8,17.4,5.0,99,2.22,1.92,2.84,2026-10-08T08:02:17.762844+00:00,2026-10-08T08:02:18.330772+00:00
kumbukkan,2026-10-23,33.7,23.1,0.0,14.0,96,2.27,1.98,3.03,2026-10-08T08:02:17.762844+00:00,2026-10-08T08:02:18.330772+00:00
jaffna,2026-10-08,32.6,26.3,3.1,14.4,100,0.34,0.32,0.39,2026-10-08T08:02:17.762844+00:00,2026-10-08T08:02:18.330772+00:00
jaffna,2026-10-09,31.1,25.3,5.8,9.7,98,0.69,0.54,0.87,2026-10-08T08:02:17.762844+00:00,2026-10-08T08:02:18.330772+00:00
jaffna,2026-10-10,31.1,25.3,2.1,10.1,80,1.31,0.93,1.76,2026-10-08T08:02:17.762844+00:00,2026-10-08T08:02:18.330772+00:00
jaffna,2026-10-11,30.7,25.9,2.9,15.0,82,1.63,1.03,2.19,2026-10-08T08:02:17.762844+00:00,2026-10-08T08:02:18.330772+00:00
jaffna,2026-10-12,32.0,25.9,5.4,17.1,80,1.53,1.2,2.03,2026-10-08T08:02:17.762844+00:00,2026-10-08T08:02:18.330772+00:00
jaffna,2026-10-13,31.3,25.1,2.8,16.5,78,1.48,1.2,1.91,2026-10-08T08:02:17.762844+00:00,2026-10-08T08:02:18.330772+00:00
jaffna,2026-10-14,30.7,23.7,12.2,7.9,78,1.68,1.3,2.5,2026-10-08T08:02:17.762844+00:00,2026-10-08T08:02:18.330772+00:00
jaffna,2026-10-15,31.2,24.0,4.3,7.6,80,2.33,1.26,3.66,2026-10-08T08:02:17.762844+00:00,2026-10-08T08:02:18.330772+00:00
jaffna,2026-10-16,31.4,26.4,3.0,7.3,96,2.39,1.13,4.59,2026-10-08T08:02:17.762844+00:00,2026-10-08T08:02:18.330772+00:00
jaffna,2026-10-17,30.3,26.2,7.7,10.4,90,2.33,1.16,4.44,2026-10-08T08:02:17.762844+00:00,2026-10-08T08:02:18.330772+00:00
jaffna,2026-10-18,29.8,25.3,7.1,6.3,89,2.49,1.24,4.14,2026-10-08T08:02:17.762844+00:00,2026-10-08T08:02:18.330772+00:00
jaffna,2026-10-19,27.9,25.1,11.5,7.0,88,2.76,1.28,4.15,2026-10-08T08:02:17.762844+00:00,2026-10-08T08:02:18.330772+00:00
jaffna,2026-10-20,29.7,25.2,13.0,8.3,96,2.98,1.49,4.39,2026-10-08T08:02:17.762844+00:00,2026-10-08T08:02:18.330772+00:00
jaffna,2026-10-21,29.3,24.1,19.2,10.7,97,2.89,1.78,4.43,2026-10-08T08:02:17.762844+00:00,2026-10-08T08:02:18.330772+00:00
jaffna,2026-10-22,30.1,24.2,8.38,6.4,95,3.06,1.77,4.45,2026-10-08T08:02:17.762844+00:00,2026-10-08T08:02:18.330772+00:00
jaffna,2026-10-23,32.0,24.9,3.68,15.3,65,3.07,1.93,5.0,2026-10-08T08:02:17.762844+00:00,2026-10-08T08:02:18.330772+00:00
trincomalee,2026-10-08,30.6,24.8,3.5,13.8,98,,,,2026-10-08T08:02:17.762844+00:00,2026-10-08T08:02:18.330772+00:00
trincomalee,2026-10-09,30.8,23.9,4.2,13.0,98,,,,2026-10-08T08:02:17.762844+00:00,2026-10-08T08:02:18.330772+00:00
trincomalee,2026-10-10,30.4,23.8,3.1,15.6,100,,,,2026-10-08T08:02:17.762844+00:00,2026-10-08T08:02:18.330772+00:00
trincomalee,2026-10-11,30.1,24.3,0.9,13.1,88,,,,2026-10-08T08:02:17.762844+00:00,2026-10-08T08:02:18.330772+00:00
trincomalee,2026-10-12,30.4,24.6,0.8,12.7,90,,,,2026-10-08T08:02:17.762844+00:00,2026-10-08T08:02:18.330772+00:00
trincomalee,2026-10-13,30.6,23.4,7.4,12.8,96,,,,2026-10-08T08:02:17.762844+00:00,2026-10-08T08:02:18.330772+00:00
trincomalee,2026-10-14,30.8,23.2,13.6,12.3,96,,,,2026-10-08T08:02:17.762844+00:00,2026-10-08T08:02:18.330772+00:00
trincomalee,2026-10-15,31.3,23.5,13.9,9.5,98,,,,2026-10-08T08:02:17.762844+00:00,2026-10-08T08:02:18.330772+00:00
trincomalee,2026-10-16,31.3,23.8,7.2,8.7,98,,,,2026-10-08T08:02:17.762844+00:00,2026-10-08T08:02:18.330772+00:00
trincomalee,2026-10-17,31.1,24.1,2.4,8.6,100,,,,2026-10-08T08:02:17.762844+00:00,2026-10-08T08:02:18.330772+00:00
trincomalee,2026-10-18,30.9,23.9,9.6,7.6,96,,,,2026-10-08T08:02:17.762844+00:00,2026-10-08T08:02:18.330772+00:00
trincomalee,2026-10-19,30.9,24.2,6.0,7.6,98,,,,2026-10-08T08:02:17.762844+00:00,2026-10-08T08:02:18.330772+00:00
trincomalee,2026-10-20,29.8,23.2,13.8,7.4,100,,,,2026-10-08T08:02:17.762844+00:00,2026-10-08T08:02:18.330772+00:00
trincomalee,2026-10-21,29.6,23.5,1.8,8.5,100,,,,2026-10-08T08:02:17.762844+00:00,2026-10-08T08:02:18.330772+00:00
trincomalee,2026-10-22,29.7,23.6,7.2,8.5,90,,,,2026-10-08T08:02:17.762844+00:00,2026-10-08T08:02:18.330772+00:00
trincomalee,2026-10-23,32.8,23.5,0.0,11.7,63,,,,2026-10-08T08:02:17.762844+00:00,2026-10-08T08:02:18.330772+00:00
batticaloa,2026-10-08,30.4,25.1,17.2,14.0,100,0.01,0.01,0.02,2026-10-08T08:02:17.762844+00:00,2026-10-08T08:02:18.330772+00:00
batticaloa,2026-10-09,31.2,24.6,5.2,14.7,99,0.03,0.02,0.07,2026-10-08T08:02:17.762844+00:00,2026-10-08T08:02:18.330772+00:00
batticaloa,2026-10-10,30.7,24.6,7.8,18.0,94,0.08,0.02,0.2,2026-10-08T08:02:17.762844+00:00,2026-10-08T08:02:18.330772+00:00
batticaloa,2026-10-11,30.3,24.8,4.7,13.7,90,0.1,0.02,0.37,2026-10-08T08:02:17.762844+00:00,2026-10-08T08:02:18.330772+00:00
batticaloa,2026-10-12,30.8,25.0,2.1,12.5,86,0.2,0.04,0.57,2026-10-08T08:02:17.762844+00:00,2026-10-08T08:02:18.330772+00:00
batticaloa,2026-10-13,31.1,24.0,4.9,13.6,88,0.2,0.06,0.71,2026-10-08T08:02:17.762844+00:00,2026-10-08T08:02:18.330772+00:00
batticaloa,2026-10-14,31.8,24.1,17.6,10.3,100,0.18,0.06,0.85,2026-10-08T08:02:17.762844+00:00,2026-10-08T08:02:18.330772+00:00
batticaloa,2026-10-15,31.4,24.3,21.0,8.3,96,0.31,0.06,1.03,2026-10-08T08:02:17.762844+00:00,2026-10-08T08:02:18.330772+00:00
batticaloa,2026-10-16,32.1,24.6,10.8,7.7,95,0.82,0.08,1.7,2026-10-08T08:02:17.762844+00:00,2026-10-08T08:02:18.330772+00:00
batticaloa,2026-10-17,30.8,24.9,3.6,12.4,98,1.36,0.1,2.69,2026-10-08T08:02:17.762844+00:00,2026-10-08T08:02:18.330772+00:00
batticaloa,2026-10-18,28.6,24.3,6.6,11.6,92,1.44,0.19,3.63,2026-10-08T08:02:17.762844+00:00,2026-10-08T08:02:18.330772+00:00
batticaloa,2026-10-19,31.3,24.6,6.6,11.5,90,1.7,0.33,4.86,2026-10-08T08:02:17.762844+00:00,2026-10-08T08:02:18.330772+00:00
batticaloa,2026-10-20,30.8,23.8,5.4,11.0,96,1.69,0.36,4.4,2026-10-08T08:02:17.762844+00:00,2026-10-08T08:02:18.330772+00:00
batticaloa,2026-10-21,30.9,24.3,5.4,9.0,98,2.54,0.49,4.13,2026-10-08T08:02:17.762844+00:00,2026-10-08T08:02:18.330772+00:00
batticaloa,2026-10-22,29.5,24.4,7.2,11.5,93,2.43,0.69,4.4,2026-10-08T08:02:17.762844+00:00,2026-10-08T08:02:18.330772+00:00
batticaloa,2026-10-23,30.5,24.6,0.0,17.8,69,2.2,0.95,4.29,2026-10-08T08:02:17.762844+00:00,2026-10-08T08:02:18.330772+00:00
nuwaraeliya,2026-10-08,19.6,14.0,24.1,9.1,100,1.62,1.6,1.63,2026-10-08T08:02:17.762844+00:00,2026-10-08T08:02:18.330772+00:00
nuwaraeliya,2026-10-09,20.3,13.0,18.7,5.8,100,1.67,1.61,1.73,2026-10-08T08:02:17.762844+00:00,2026-10-08T08:02:18.330772+00:00
nuwaraeliya,2026-10-10,20.9,12.6,6.5,8.8,100,1.8,1.66,1.94,2026-10-08T08:02:17.762844+00:00,2026-10-08T08:02:18.330772+00:00
nuwaraeliya,2026-10-11,20.3,12.2,4.6,7.9,100,1.78,1.63,2.16,2026-10-08T08:02:17.762844+00:00,2026-10-08T08:02:18.330772+00:00
nuwaraeliya,2026-10-12,21.2,11.9,3.6,10.0,100,1.81,1.62,2.21,2026-10-08T08:02:17.762844+00:00,2026-10-08T08:02:18.330772+00:00
nuwaraeliya,2026-10-13,21.2,11.8,3.6,8.2,99,1.74,1.6,2.2,2026-10-08T08:02:17.762844+00:00,2026-10-08T08:02:18.330772+00:00
nuwaraeliya,2026-10-14,19.8,12.0,16.8,6.9,100,1.7,1.54,2.07,2026-10-08T08:02:17.762844+00:00,2026-10-08T08:02:18.330772+00:00
nuwaraeliya,2026-10-15,20.9,13.3,9.6,4.5,100,1.71,1.61,2.04,2026-10-08T08:02:17.762844+00:00,2026-10-08T08:02:18.330772+00:00
nuwaraeliya,2026-10-16,20.1,13.6,20.1,3.0,100,1.82,1.68,2.04,2026-10-08T08:02:17.762844+00:00,2026-10-08T08:02:18.330772+00:00
nuwaraeliya,2026-10-17,16.7,13.8,17.6,3.1,100,1.9,1.68,2.13,2026-10-08T08:02:17.762844+00:00,2026-10-08T08:02:18.330772+00:00
nuwaraeliya,2026-10-18,19.6,13.3,45.1,6.5,100,1.86,1.67,2.21,2026-10-08T08:02:17.762844+00:00,2026-10-08T08:02:18.330772+00:00
nuwaraeliya,2026-10-19,19.1,12.3,11.4,4.4,100,1.91,1.64,2.28,2026-10-08T08:02:17.762844+00:00,2026-10-08T08:02:18.330772+00:00
nuwaraeliya,2026-10-20,21.1,12.7,11.4,3.9,100,1.98,1.71,2.37,2026-10-08T08:02:17.762844+00:00,2026-10-08T08:02:18.330772+00:00
nuwaraeliya,2026-10-21,21.6,13.1,16.8,4.5,100,1.99,1.71,2.42,2026-10-08T08:02:17.762844+00:00,2026-10-08T08:02:18.330772+00:00
nuwaraeliya,2026-10-22,21.2,13.0,5.4,4.2,100,1.97,1.7,2.38,2026-10-08T08:02:17.762844+00:00,2026-10-08T08:02:18.330772+00:00
nuwaraeliya,2026-10-23,21.8,12.6,3.6,8.0,100,2.12,1.85,2.74,2026-10-08T08:02:17.762844+00:00,2026-10-08T08:02:18.330772+00:00
mannar,2026-10-08,31.4,25.8,6.7,23.5,100,0.02,0.02,0.02,2026-10-08T08:02:17.762844+00:00,2026-10-08T08:02:18.330772+00:00
mannar,2026-10-09,30.5,25.3,4.0,14.2,100,0.03,0.03,0.04,2026-10-08T08:02:17.762844+00:00,2026-10-08T08:02:18.330772+00:00
mannar,2026-10-10,29.8,25.7,3.9,10.7,100,0.04,0.03,0.05,2026-10-08T08:02:17.762844+00:00,2026-10-08T08:02:18.330772+00:00
mannar,2026-10-11,29.5,25.7,2.6,12.2,100,0.04,0.03,0.05,2026-10-08T08:02:17.762844+00:00,2026-10-08T08:02:18.330772+00:00
mannar,2026-10-12,30.7,26.1,2.9,16.9,100,0.03,0.03,0.05,2026-10-08T08:02:17.762844+00:00,2026-10-08T08:02:18.330772+00:00
mannar,2026-10-13,30.7,25.3,3.4,17.1,100,0.03,0.03,0.05,2026-10-08T08:02:17.762844+00:00,2026-10-08T08:02:18.330772+00:00
mannar,2026-10-14,30.1,25.3,6.5,9.3,86,0.03,0.03,0.05,2026-10-08T08:02:17.762844+00:00,2026-10-08T08:02:18.330772+00:00
mannar,2026-10-15,29.7,25.7,3.2,8.7,69,0.04,0.03,0.05,2026-10-08T08:02:17.762844+00:00,2026-10-08T08:02:18.330772+00:00
mannar,2026-10-16,30.4,26.3,2.9,11.9,80,0.04,0.03,0.06,2026-10-08T08:02:17.762844+00:00,2026-10-08T08:02:18.330772+00:00
mannar,2026-10-17,30.2,25.7,5.8,14.7,88,0.04,0.03,0.06,2026-10-08T08:02:17.762844+00:00,2026-10-08T08:02:18.330772+00:00
mannar,2026-10-18,30.4,25.6,4.7,12.3,92,0.05,0.03,0.07,2026-10-08T08:02:17.762844+00:00,2026-10-08T08:02:18.330772+00:00
mannar,2026-10-19,28.9,25.6,8.0,10.9,82,0.05,0.02,0.06,2026-10-08T08:02:17.762844+00:00,2026-10-08T08:02:18.330772+00:00
mannar,2026-10-20,29.4,24.9,5.5,10.7,90,0.05,0.03,0.06,2026-10-08T08:02:17.762844+00:00,2026-10-08T08:02:18.330772+00:00
mannar,2026-10-21,28.9,25.0,5.6,10.1,96,0.05,0.04,0.05,2026-10-08T08:02:17.762844+00:00,2026-10-08T08:02:18.330772+00:00
mannar,2026-10-22,29.4,24.5,6.68,9.7,87,0.05,0.04,0.06,2026-10-08T08:02:17.762844+00:00,2026-10-08T08:02:18.330772+00:00
mannar,2026-10-23,32.9,24.0,0.08,14.4,65,0.05,0.05,0.08,2026-10-08T08:02:17.762844+00:00,2026-10-08T08:02:18.330772+00:00
hambantota,2026-10-08,30.4,24.6,8.5,20.8,100,0.01,0.01,0.01,2026-10-08T08:02:17.762844+00:00,2026-10-08T08:02:18.330772+00:00
hambantota,2026-10-09,30.0,23.8,7.2,13.8,100,0.01,0.01,0.02,2026-10-08T08:02:17.762844+00:00,2026-10-08T08:02:18.330772+00:00
hambantota,2026-10-10,29.8,24.2,13.3,11.9,100,0.02,0.01,0.02,2026-10-08T08:02:17.762844+00:00,2026-10-08T08:02:18.330772+00:00
hambantota,2026-10-11,29.3,23.1,8.2,11.8,100,0.02,0.01,0.04,2026-10-08T08:02:17.762844+00:00,2026-10-08T08:02:18.330772+00:00
hambantota,2026-10-12,29.8,23.3,12.6,11.4,100,0.02,0.02,0.05,2026-10-08T08:02:17.762844+00:00,2026-10-08T08:02:18.330772+00:00
hambantota,2026-10-13,29.8,23.9,10.8,11.2,100,0.02,0.02,0.04,2026-10-08T08:02:17.762844+00:00,2026-10-08T08:02:18.330772+00:00
hambantota,2026-10-14,29.3,24.9,6.0,16.5,100,0.02,0.01,0.04,2026-10-08T08:02:17.762844+00:00,2026-10-08T08:02:18.330772+00:00
hambantota,2026-10-15,29.9,24.9,4.2,17.4,94,0.02,0.01,0.05,2026-10-08T08:02:17.762844+00:00,2026-10-08T08:02:18.330772+00:00
hambantota,2026-10-16,29.8,24.9,10.9,19.6,100,0.02,0.01,0.05,2026-10-08T08:02:17.762844+00:00,2026-10-08T08:02:18.330772+00:00
hambantota,2026-10-17,28.6,25.2,4.7,15.8,100,0.02,0.01,0.05,2026-10-08T08:02:17.762844+00:00,2026-10-08T08:02:18.330772+00:00
hambantota,2026-10-18,29.3,24.5,3.6,12.7,94,0.02,0.01,0.06,2026-10-08T08:02:17.762844+00:00,2026-10-08T08:02:18.330772+00:00
hambantota,2026-10-19,30.0,24.7,1.2,13.0,100,0.03,0.01,0.05,2026-10-08T08:02:17.762844+00:00,2026-10-08T08:02:18.330772+00:00
hambantota,2026-10-20,29.3,24.3,3.6,13.7,100,0.03,0.01,0.05,2026-10-08T08:02:17.762844+00:00,2026-10-08T08:02:18.330772+00:00
hambantota,2026-10-21,29.1,24.5,7.2,10.1,100,0.02,0.02,0.05,2026-10-08T08:02:17.762844+00:00,2026-10-08T08:02:18.330772+00:00
hambantota,2026-10-22,29.5,23.9,4.88,10.8,93,0.02,0.02,0.05,2026-10-08T08:02:17.762844+00:00,2026-10-08T08:02:18.330772+00:00
hambantota,2026-10-23,31.2,23.7,0.08,16.1,83,0.03,0.02,0.08,2026-10-08T08:02:17.762844+00:00,2026-10-08T08:02:18.330772+00:00
badulla,2026-10-08,27.9,19.8,24.5,8.0,100,0.33,0.33,0.33,2026-10-08T08:02:17.762844+00:00,2026-10-08T08:02:18.330772+00:00
badulla,2026-10-09,28.3,20.2,34.1,10.3,100,0.34,0.34,0.35,2026-10-08T08:02:17.762844+00:00,2026-10-08T08:02:18.330772+00:00
badulla,2026-10-10,28.1,19.5,7.4,10.2,100,0.37,0.35,0.41,2026-10-08T08:02:17.762844+00:00,2026-10-08T08:02:18.330772+00:00
badulla,2026-10-11,27.1,19.2,9.6,10.0,100,0.41,0.36,0.46,2026-10-08T08:02:17.762844+00:00,2026-10-08T08:02:18.330772+00:00
badulla,2026-10-12,28.5,19.6,11.4,8.3,100,0.42,0.36,0.49,2026-10-08T08:02:17.762844+00:00,2026-10-08T08:02:18.330772+00:00
badulla,2026-10-13,28.4,18.1,18.3,7.1,96,0.43,0.37,0.55,2026-10-08T08:02:17.762844+00:00,2026-10-08T08:02:18.330772+00:00
badulla,2026-10-14,29.2,18.3,8.4,9.2,96,0.43,0.38,0.54,2026-10-08T08:02:17.762844+00:00,2026-10-08T08:02:18.330772+00:00
badulla,2026-10-15,26.9,19.9,12.6,4.4,98,0.47,0.38,0.58,2026-10-08T08:02:17.762844+00:00,2026-10-08T08:02:18.330772+00:00
badulla,2026-10-16,29.2,20.3,3.0,6.8,98,0.51,0.42,0.64,2026-10-08T08:02:17.762844+00:00,2026-10-08T08:02:18.330772+00:00
badulla,2026-10-17,28.5,19.7,3.6,9.5,100,0.53,0.45,0.67,2026-10-08T08:02:17.762844+00:00,2026-10-08T08:02:18.330772+00:00
badulla,2026-10-18,28.4,18.8,24.6,9.7,100,0.58,0.49,0.71,2026-10-08T08:02:17.762844+00:00,2026-10-08T08:02:18.330772+00:00
badulla,2026-10-19,27.6,18.7,16.2,6.5,96,0.63,0.5,0.81,2026-10-08T08:02:17.762844+00:00,2026-10-08T08:02:18.330772+00:00
badulla,2026-10-20,28.0,18.9,21.0,7.1,100,0.66,0.53,0.86,2026-10-08T08:02:17.762844+00:00,2026-10-08T08:02:18.330772+00:00
badulla,2026-10-21,27.9,20.0,33.0,8.7,100,0.69,0.56,0.88,2026-10-08T08:02:17.762844+00:00,2026-10-08T08:02:18.330772+00:00
badulla,2026-10-22,27.3,20.3,5.4,6.9,100,0.8,0.6,0.98,2026-10-08T08:02:17.762844+00:00,2026-10-08T08:02:18.330772+00:00
badulla,2026-10-23,28.3,20.2,4.2,7.6,100,0.84,0.61,1.24,2026-10-08T08:02:17.762844+00:00,2026-10-08T08:02:18.330772+00:00
kilinochchi,2026-10-08,32.8,25.3,7.2,16.7,100,0.22,0.2,0.25,2026-10-08T08:02:17.762844+00:00,2026-10-08T08:02:18.330772+00:00
kilinochchi,2026-10-09,34.3,24.6,7.6,10.3,82,0.35,0.29,0.43,2026-10-08T08:02:17.762844+00:00,2026-10-08T08:02:18.330772+00:00
kilinochchi,2026-10-10,31.6,24.6,3.8,14.5,69,0.45,0.36,0.72,2026-10-08T08:02:17.762844+00:00,2026-10-08T08:02:18.330772+00:00
kilinochchi,2026-10-11,30.7,25.0,4.1,14.6,76,0.52,0.35,0.73,2026-10-08T08:02:17.762844+00:00,2026-10-08T08:02:18.330772+00:00
kilinochchi,2026-10-12,32.4,25.9,1.3,18.3,76,0.52,0.37,0.75,2026-10-08T08:02:17.762844+00:00,2026-10-08T08:02:18.330772+00:00
kilinochchi,2026-10-13,32.1,25.5,3.1,17.4,73,0.52,0.34,0.72,2026-10-08T08:02:17.762844+00:00,2026-10-08T08:02:18.330772+00:00
kilinochchi,2026-10-14,32.1,24.0,21.0,6.7,82,0.58,0.38,0.83,2026-10-08T08:02:17.762844+00:00,2026-10-08T08:02:18.330772+00:00
kilinochchi,2026-10-15,30.9,24.0,13.4,10.7,82,0.64,0.41,1.08,2026-10-08T08:02:17.762844+00:00,2026-10-08T08:02:18.330772+00:00
kilinochchi,2026-10-16,31.6,23.8,3.0,9.9,92,0.67,0.39,1.36,2026-10-08T08:02:17.762844+00:00,2026-10-08T08:02:18.330772+00:00
kilinochchi,2026-10-17,32.4,24.3,6.0,8.0,100,0.72,0.43,1.46,2026-10-08T08:02:17.762844+00:00,2026-10-08T08:02:18.330772+00:00
kilinochchi,2026-10-18,27.8,24.3,9.0,8.6,96,0.82,0.44,1.4,2026-10-08T08:02:17.762844+00:00,2026-10-08T08:02:18.330772+00:00
kilinochchi,2026-10-19,27.7,24.3,9.0,12.0,84,0.82,0.43,1.41,2026-10-08T08:02:17.762844+00:00,2026-10-08T08:02:18.330772+00:00
kilinochchi,2026-10-20,31.0,24.0,11.9,6.5,88,0.91,0.46,1.41,2026-10-08T08:02:17.762844+00:00,2026-10-08T08:02:18.330772+00:00
kilinochchi,2026-10-21,31.0,23.4,12.0,9.6,86,0.99,0.53,1.31,2026-10-08T08:02:17.762844+00:00,2026-10-08T08:02:18.330772+00:00
kilinochchi,2026-10-22,31.3,23.7,12.0,9.6,95,0.92,0.53,1.67,2026-10-08T08:02:17.762844+00:00,2026-10-08T08:02:18.330772+00:00
kilinochchi,2026-10-23,32.7,24.2,2.3,19.1,55,1.07,0.56,1.6,2026-10-08T08:02:17.762844+00:00,2026-10-08T08:02:18.330772+00:00
mullaitivu,2026-10-08,30.9,25.3,6.0,15.9,86,,,,2026-10-08T08:02:17.762844+00:00,2026-10-08T08:02:18.330772+00:00
mullaitivu,2026-10-09,30.4,24.8,2.9,14.4,77,,,,2026-10-08T08:02:17.762844+00:00,2026-10-08T08:02:18.330772+00:00
mullaitivu,2026-10-10,29.9,24.1,3.5,15.9,65,,,,2026-10-08T08:02:17.762844+00:00,2026-10-08T08:02:18.330772+00:00
mullaitivu,2026-10-11,29.8,25.5,1.8,14.9,73,,,,2026-10-08T08:02:17.762844+00:00,2026-10-08T08:02:18.330772+00:00
mullaitivu,2026-10-12,30.9,26.9,1.0,16.7,74,,,,2026-10-08T08:02:17.762844+00:00,2026-10-08T08:02:18.330772+00:00
mullaitivu,2026-10-13,31.2,25.8,1.4,17.5,73,,,,2026-10-08T08:02:17.762844+00:00,2026-10-08T08:02:18.330772+00:00
mullaitivu,2026-10-14,30.3,24.2,15.2,7.6,84,,,,2026-10-08T08:02:17.762844+00:00,2026-10-08T08:02:18.330772+00:00
mullaitivu,2026-10-15,30.7,24.4,5.0,10.0,80,,,,2026-10-08T08:02:17.762844+00:00,2026-10-08T08:02:18.330772+00:00
mullaitivu,2026-10-16,31.2,24.3,1.2,10.3,86,,,,2026-10-08T08:02:17.762844+00:00,2026-10-08T08:02:18.330772+00:00
mullaitivu,2026-10-17,31.6,24.7,4.2,10.7,94,,,,2026-10-08T08:02:17.762844+00:00,2026-10-08T08:02:18.330772+00:00
mullaitivu,2026-10-18,26.4,24.5,17.4,20.2,78,,,,2026-10-08T08:02:17.762844+00:00,2026-10-08T08:02:18.330772+00:00
mullaitivu,2026-10-19,29.4,24.6,6.2,9.5,78,,,,2026-10-08T08:02:17.762844+00:00,2026-10-08T08:02:18.330772+00:00
mullaitivu,2026-10-20,29.5,23.9,14.1,7.4,84,,,,2026-10-08T08:02:17.762844+00:00,2026-10-08T08:02:18.330772+00:00
mullaitivu,2026-10-21,29.5,24.2,3.6,7.6,83,,,,2026-10-08T08:02:17.762844+00:00,2026-10-08T08:02:18.330772+00:00
mullaitivu,2026-10-22,29.0,24.0,4.12,7.2,90,,,,2026-10-08T08:02:17.762844+00:00,2026-10-08T08:02:18.330772+00:00
mullaitivu,2026-10-23,32.4,24.0,0.03,14.3,61,,,,2026-10-08T08:02:17.762844+00:00,2026-10-08T08:02:18.330772+00:00
vavuniya,2026-10-08,32.4,24.0,5.3,12.5,100,0.09,0.08,0.1,2026-10-08T08:02:17.762844+00:00,2026-10-08T08:02:18.330772+00:00
vavuniya,2026-10-09,32.6,23.3,9.8,16.5,100,0.16,0.12,0.2,2026-10-08T08:02:17.762844+00:00,2026-10-08T08:02:18.330772+00:00
vavuniya,2026-10-10,30.7,23.0,4.8,11.5,100,0.19,0.16,0.26,2026-10-08T08:02:17.762844+00:00,2026-10-08T08:02:18.330772+00:00
vavuniya,2026-10-11,29.9,23.1,5.1,11.2,98,0.2,0.17,0.27,2026-10-08T08:02:17.762844+00:00,2026-10-08T08:02:18.330772+00:00
vavuniya,2026-10-12,32.3,23.1,1.5,14.7,97,0.21,0.17,0.29,2026-10-08T08:02:17.762844+00:00,2026-10-08T08:02:18.330772+00:00
vavuniya,2026-10-13,32.8,23.3,0.2,15.9,92,0.19,0.15,0.25,2026-10-08T08:02:17.762844+00:00,2026-10-08T08:02:18.330772+00:00
vavuniya,2026-10-14,30.8,23.4,11.4,9.1,96,0.19,0.16,0.25,2026-10-08T08:02:17.762844+00:00,2026-10-08T08:02:18.330772+00:00
vavuniya,2026-10-15,31.1,23.4,14.5,9.5,100,0.23,0.18,0.29,2026-10-08T08:02:17.762844+00:00,2026-10-08T08:02:18.330772+00:00
vavuniya,2026-10-16,31.2,23.1,9.6,9.5,92,0.24,0.18,0.29,2026-10-08T08:02:17.762844+00:00,2026-10-08T08:02:18.330772+00:00
vavuniya,2026-10-17,31.0,23.4,5.4,9.4,100,0.23,0.18,0.31,2026-10-08T08:02:17.762844+00:00,2026-10-08T08:02:18.330772+00:00
vavuniya,2026-10-18,31.1,23.3,9.6,9.4,96,0.23,0.18,0.32,2026-10-08T08:02:17.762844+00:00,2026-10-08T08:02:18.330772+00:00
vavuniya,2026-10-19,29.7,23.6,12.0,8.5,100,0.24,0.18,0.32,2026-10-08T08:02:17.762844+00:00,2026-10-08T08:02:18.330772+00:00
vavuniya,2026-10-20,30.1,23.0,8.1,6.2,100,0.24,0.18,0.33,2026-10-08T08:02:17.762844+00:00,2026-10-08T08:02:18.330772+00:00
vavuniya,2026-10-21,30.2,23.0,9.3,7.6,100,0.23,0.19,0.35,2026-10-08T08:02:17.762844+00:00,2026-10-08T08:02:18.330772+00:00
vavuniya,2026-10-22,30.0,23.0,5.83,8.3,95,0.24,0.2,0.34,2026-10-08T08:02:17.762844+00:00,2026-10-08T08:02:18.330772+00:00
vavuniya,2026-10-23,35.1,22.9,0.03,5.5,65,0.28,0.2,0.41,2026-10-08T08:02:17.762844+00:00,2026-10-08T08:02:18.330772+00:00
monaragala,2026-10-08,30.6,23.0,27.1,8.3,100,0.23,0.23,0.23,2026-10-08T08:02:17.762844+00:00,2026-10-08T08:02:18.330772+00:00
monaragala,2026-10-09,32.3,22.4,30.0,10.6,100,0.23,0.23,0.23,2026-10-08T08:02:17.762844+00:00,2026-10-08T08:02:18.330772+00:00
monaragala,2026-10-10,32.0,22.2,5.5,9.1,100,0.24,0.24,0.26,2026-10-08T08:02:17.762844+00:00,2026-10-08T08:02:18.330772+00:00
monaragala,2026-10-11,31.3,22.2,7.9,13.5,100,0.26,0.25,0.29,2026-10-08T08:02:17.762844+00:00,2026-10-08T08:02:18.330772+00:00
monaragala,2026-10-12,31.1,21.7,9.0,10.3,100,0.28,0.26,0.32,2026-10-08T08:02:17.762844+00:00,2026-10-08T08:02:18.330772+00:00
monaragala,2026-10-13,31.4,21.9,16.5,5.8,99,0.29,0.27,0.37,2026-10-08T08:02:17.762844+00:00,2026-10-08T08:02:18.330772+00:00
monaragala,2026-10-14,31.2,22.4,28.7,6.5,100,0.31,0.26,0.39,2026-10-08T08:02:17.762844+00:00,2026-10-08T08:02:18.330772+00:00
monaragala,2026-10-15,29.8,22.5,24.7,6.0,100,0.32,0.27,0.4,2026-10-08T08:02:17.762844+00:00,2026-10-08T08:02:18.330772+00:00
monaragala,2026-10-16,31.2,22.5,25.8,5.6,100,0.32,0.28,0.42,2026-10-08T08:02:17.762844+00:00,2026-10-08T08:02:18.330772+00:00
monaragala,2026-10-17,29.8,22.6,7.2,5.0,100,0.34,0.29,0.43,2026-10-08T08:02:17.762844+00:00,2026-10-08T08:02:18.330772+00:00
monaragala,2026-10-18,30.5,22.4,9.6,4.0,100,0.34,0.31,0.44,2026-10-08T08:02:17.762844+00:00,2026-10-08T08:02:18.330772+00:00
monaragala,2026-10-19,31.2,22.0,5.4,4.8,100,0.35,0.31,0.47,2026-10-08T08:02:17.762844+00:00,2026-10-08T08:02:18.330772+00:00
monaragala,2026-10-20,31.6,21.8,18.0,7.8,100,0.37,0.31,0.52,2026-10-08T08:02:17.762844+00:00,2026-10-08T08:02:18.330772+00:00
monaragala,2026-10-21,31.3,22.3,9.0,1.9,100,0.39,0.32,0.53,2026-10-08T08:02:17.762844+00:00,2026-10-08T08:02:18.330772+00:00
monaragala,2026-10-22,30.9,22.8,7.8,6.7,98,0.41,0.33,0.55,2026-10-08T08:02:17.762844+00:00,2026-10-08T08:02:18.330772+00:00
monaragala,2026-10-23,32.6,23.1,0.3,8.7,96,0.43,0.34,0.56,2026-10-08T08:02:17.762844+00:00,2026-10-08T08:02:18.330772+00:00
gampaha,2026-10-08,31.3,23.7,17.3,11.1,100,5.89,5.76,6.18,2026-10-08T08:02:17.762844+00:00,2026-10-08T08:02:18.330772+00:00
gampaha,2026-10-09,30.7,23.3,22.0,6.7,100,6.36,5.83,6.78,2026-10-08T08:02:17.762844+00:00,2026-10-08T08:02:18.330772+00:00
gampaha,2026-10-10,31.0,22.7,19.4,10.9,100,7.18,6.35,8.61,2026-10-08T08:02:17.762844+00:00,2026-10-08T08:02:18.330772+00:00
gampaha,2026-10-11,30.6,22.7,14.3,11.0,100,7.36,6.31,8.91,2026-10-08T08:02:17.762844+00:00,2026-10-08T08:02:18.330772+00:00
gampaha,2026-10-12,31.4,22.2,6.3,7.5,100,7.49,6.31,9.8,2026-10-08T08:02:17.762844+00:00,2026-10-08T08:02:18.330772+00:00
gampaha,2026-10-13,31.8,22.4,9.9,10.9,100,7.3,6.07,9.28,2026-10-08T08:02:17.762844+00:00,2026-10-08T08:02:18.330772+00:00
gampaha,2026-10-14,30.8,23.0,10.1,5.5,96,7.17,5.68,9.16,2026-10-08T08:02:17.762844+00:00,2026-10-08T08:02:18.330772+00:00
gampaha,2026-10-15,30.4,23.2,9.7,7.1,98,6.93,5.51,8.6,2026-10-08T08:02:17.762844+00:00,2026-10-08T08:02:18.330772+00:00
gampaha,2026-10-16,30.9,23.0,7.2,8.1,100,6.78,5.38,8.62,2026-10-08T08:02:17.762844+00:00,2026-10-08T08:02:18.330772+00:00
gampaha,2026-10-17,30.4,23.3,11.6,8.9,96,6.96,5.32,8.53,2026-10-08T08:02:17.762844+00:00,2026-10-08T08:02:18.330772+00:00
gampaha,2026-10-18,30.4,23.0,15.4,7.5,100,6.85,5.38,8.76,2026-10-08T08:02:17.762844+00:00,2026-10-08T08:02:18.330772+00:00
gampaha,2026-10-19,29.2,23.1,9.5,9.0,100,6.83,5.64,8.96,2026-10-08T08:02:17.762844+00:00,2026-10-08T08:02:18.330772+00:00
gampaha,2026-10-20,30.3,23.0,15.5,8.3,99,6.82,5.92,9.27,2026-10-08T08:02:17.762844+00:00,2026-10-08T08:02:18.330772+00:00
gampaha,2026-10-21,30.5,23.1,8.6,6.2,98,6.78,6.0,9.2,2026-10-08T08:02:17.762844+00:00,2026-10-08T08:02:18.330772+00:00
gampaha,2026-10-22,29.9,22.9,5.12,8.9,99,6.96,6.05,9.12,2026-10-08T08:02:17.762844+00:00,2026-10-08T08:02:18.330772+00:00
gampaha,2026-10-23,33.1,23.0,2.82,12.7,89,7.55,6.15,9.3,2026-10-08T08:02:17.762844+00:00,2026-10-08T08:02:18.330772+00:00
kalutara,2026-10-08,30.1,23.6,28.1,13.2,100,171.98,171.98,172.98,2026-10-08T08:02:17.762844+00:00,2026-10-08T08:02:18.330772+00:00
kalutara,2026-10-09,29.2,23.2,10.6,9.7,100,176.01,171.98,185.0,2026-10-08T08:02:17.762844+00:00,2026-10-08T08:02:18.330772+00:00
kalutara,2026-10-10,29.0,22.7,16.4,12.5,100,193.98,183.29,222.87,2026-10-08T08:02:17.762844+00:00,2026-10-08T08:02:18.330772+00:00
kalutara,2026-10-11,28.9,22.4,12.6,13.4,100,213.29,195.11,263.25,2026-10-08T08:02:17.762844+00:00,2026-10-08T08:02:18.330772+00:00
kalutara,2026-10-12,29.4,22.5,5.4,9.7,90,226.51,204.59,295.49,2026-10-08T08:02:17.762844+00:00,2026-10-08T08:02:18.330772+00:00
kalutara,2026-10-13,30.1,22.7,3.0,9.1,86,230.21,211.85,304.84,2026-10-08T08:02:17.762844+00:00,2026-10-08T08:02:18.330772+00:00
kalutara,2026-10-14,29.6,23.4,2.4,11.0,82,235.05,208.23,298.63,2026-10-08T08:02:17.762844+00:00,2026-10-08T08:02:18.330772+00:00
kalutara,2026-10-15,29.5,23.5,3.6,8.8,80,231.27,204.37,296.52,2026-10-08T08:02:17.762844+00:00,2026-10-08T08:02:18.330772+00:00
kalutara,2026-10-16,29.7,23.6,5.4,10.1,86,236.14,205.3,300.65,2026-10-08T08:02:17.762844+00:00,2026-10-08T08:02:18.330772+00:00
kalutara,2026-10-17,28.4,23.3,4.5,11.8,94,232.35,205.3,305.58,2026-10-08T08:02:17.762844+00:00,2026-10-08T08:02:18.330772+00:00
kalutara,2026-10-18,29.6,23.1,12.3,10.1,92,236.68,208.42,300.06,2026-10-08T08:02:17.762844+00:00,2026-10-08T08:02:18.330772+00:00
kalutara,2026-10-19,29.3,23.3,3.4,10.7,100,233.96,207.45,296.3,2026-10-08T08:02:17.762844+00:00,2026-10-08T08:02:18.330772+00:00
kalutara,2026-10-20,29.0,23.0,6.2,11.3,93,237.78,212.31,290.84,2026-10-08T08:02:17.762844+00:00,2026-10-08T08:02:18.330772+00:00
kalutara,2026-10-21,29.6,23.2,6.4,9.7,94,238.88,217.78,294.2,2026-10-08T08:02:17.762844+00:00,2026-10-08T08:02:18.330772+00:00
kalutara,2026-10-22,29.2,23.6,4.8,7.2,88,242.78,218.04,306.97,2026-10-08T08:02:17.762844+00:00,2026-10-08T08:02:18.330772+00:00
kalutara,2026-10-23,29.8,25.0,3.3,12.3,77,249.61,218.03,310.9,2026-10-08T08:02:17.762844+00:00,2026-10-08T08:02:18.330772+00:00
kegalle,2026-10-08,31.4,22.7,30.8,8.9,100,21.03,20.9,21.13,2026-10-08T08:02:17.762844+00:00,2026-10-08T08:02:18.330772+00:00
kegalle,2026-10-09,31.0,22.7,35.7,13.7,100,21.28,20.23,22.99,2026-10-08T08:02:17.762844+00:00,2026-10-08T08:02:18.330772+00:00
kegalle,2026-10-10,31.1,22.3,15.8,10.3,100,23.95,21.59,32.73,2026-10-08T08:02:17.762844+00:00,2026-10-08T08:02:18.330772+00:00
kegalle,2026-10-11,30.7,21.7,12.0,11.0,100,25.0,22.63,35.35,2026-10-08T08:02:17.762844+00:00,2026-10-08T08:02:18.330772+00:00
kegalle,2026-10-12,31.0,21.5,8.1,6.9,100,26.04,23.66,36.15,2026-10-08T08:02:17.762844+00:00,2026-10-08T08:02:18.330772+00:00
kegalle,2026-10-13,31.6,21.6,4.2,8.9,100,25.79,23.69,35.31,2026-10-08T08:02:17.762844+00:00,2026-10-08T08:02:18.330772+00:00
kegalle,2026-10-14,31.1,22.1,15.0,6.8,98,25.42,23.15,34.6,2026-10-08T08:02:17.762844+00:00,2026-10-08T08:02:18.330772+00:00
kegalle,2026-10-15,30.6,22.5,8.4,6.6,96,25.42,23.15,35.18,2026-10-08T08:02:17.762844+00:00,2026-10-08T08:02:18.330772+00:00
kegalle,2026-10-16,30.5,22.4,6.0,6.9,100,25.55,23.02,34.61,2026-10-08T08:02:17.762844+00:00,2026-10-08T08:02:18.330772+00:00
kegalle,2026-10-17,30.4,22.7,5.3,8.6,100,26.29,23.52,34.66,2026-10-08T08:02:17.762844+00:00,2026-10-08T08:02:18.330772+00:00
kegalle,2026-10-18,30.1,22.2,16.9,8.2,100,27.05,23.52,34.89,2026-10-08T08:02:17.762844+00:00,2026-10-08T08:02:18.330772+00:00
kegalle,2026-10-19,30.4,22.4,9.0,7.6,100,28.51,23.66,32.93,2026-10-08T08:02:17.762844+00:00,2026-10-08T08:02:18.330772+00:00
kegalle,2026-10-20,30.6,21.7,15.6,8.0,99,28.38,23.55,33.91,2026-10-08T08:02:17.762844+00:00,2026-10-08T08:02:18.330772+00:00
kegalle,2026-10-21,31.0,22.1,11.1,5.8,100,28.51,23.95,35.27,2026-10-08T08:02:17.762844+00:00,2026-10-08T08:02:18.330772+00:00
kegalle,2026-10-22,30.4,22.1,11.6,6.4,99,28.72,24.06,37.46,2026-10-08T08:02:17.762844+00:00,2026-10-08T08:02:18.330772+00:00
kegalle,2026-10-23,31.8,22.1,4.3,6.1,91,29.69,24.59,39.14,2026-10-08T08:02:17.762844+00:00,2026-10-08T08:02:18.330772+00:00
matale,2026-10-08,29.8,22.1,44.8,9.6,100,0.19,0.19,0.19,2026-10-08T08:02:17.762844+00:00,2026-10-08T08:02:18.330772+00:00
matale,2026-10-09,30.1,22.2,44.4,10.5,100,0.2,0.19,0.21,2026-10-08T08:02:17.762844+00:00,2026-10-08T08:02:18.330772+00:00
matale,2026-10-10,29.5,22.1,19.0,9.7,100,0.21,0.2,0.22,2026-10-08T08:02:17.762844+00:00,2026-10-08T08:02:18.330772+00:00
matale,2026-10-11,28.9,21.7,4.0,9.6,100,0.2,0.19,0.22,2026-10-08T08:02:17.762844+00:00,2026-10-08T08:02:18.330772+00:00
matale,2026-10-12,30.9,21.5,6.3,6.7,100,0.2,0.19,0.21,2026-10-08T08:02:17.762844+00:00,2026-10-08T08:02:18.330772+00:00
matale,2026-10-13,30.8,21.7,6.9,7.6,99,0.19,0.19,0.21,2026-10-08T08:02:17.762844+00:00,2026-10-08T08:02:18.330772+00:00
matale,2026-10-14,29.7,22.2,21.0,8.7,100,0.19,0.19,0.21,2026-10-08T08:02:17.762844+00:00,2026-10-08T08:02:18.330772+00:00
matale,2026-10-15,27.7,22.6,7.8,7.6,96,0.19,0.19,0.22,2026-10-08T08:02:17.762844+00:00,2026-10-08T08:02:18.330772+00:00
matale,2026-10-16,26.7,22.0,29.4,8.3,100,0.19,0.19,0.23,2026-10-08T08:02:17.762844+00:00,2026-10-08T08:02:18.330772+00:00
matale,2026-10-17,30.0,22.5,4.2,8.0,100,0.2,0.19,0.25,2026-10-08T08:02:17.762844+00:00,2026-10-08T08:02:18.330772+00:00
matale,2026-10-18,28.1,22.4,80.4,6.4,100,0.22,0.19,0.28,2026-10-08T08:02:17.762844+00:00,2026-10-08T08:02:18.330772+00:00
matale,2026-10-19,28.9,22.1,11.4,8.3,100,0.23,0.19,0.29,2026-10-08T08:02:17.762844+00:00,2026-10-08T08:02:18.330772+00:00
matale,2026-10-20,29.4,22.5,58.6,6.8,100,0.23,0.19,0.3,2026-10-08T08:02:17.762844+00:00,2026-10-08T08:02:18.330772+00:00
matale,2026-10-21,29.9,21.7,38.0,9.5,100,0.29,0.2,0.36,2026-10-08T08:02:17.762844+00:00,2026-10-08T08:02:18.330772+00:00
matale,2026-10-22,28.4,21.7,16.63,9.3,99,0.31,0.2,0.49,2026-10-08T08:02:17.762844+00:00,2026-10-08T08:02:18.330772+00:00
matale,2026-10-23,31.4,21.4,4.82,4.6,91,0.34,0.2,0.56,2026-10-08T08:02:17.762844+00:00,2026-10-08T08:02:18.330772+00:00
